accuracy,precision,recall,f1,approach,train_time_sec,test_time_sec,ensemble_size
0.7015851095033242,0.5436049735671419,0.7889719559307483,0.6436987910492409,GA,212.73574566841125,0.01573324203491211,
0.6946983770043019,0.5378142715509571,0.7567606238374589,0.6287726806651509,GA+AL,29.426568269729614,0.0,
0.6946983770043019,0.5378142715509571,0.7567606238374589,0.6287726806651509,GA+AL+EL,29.426568269729614,0.03357386589050293,15.0
